"","Clade","Subtype"
"CladeA","CladeA","A_denovo139"
"CladeA","CladeA","A_denovo25"
"CladeA","CladeA","A_denovo281"
"CladeA","CladeA","A_denovo432"
"CladeA","CladeA","A_denovo441"
"CladeA","CladeA","A_denovo569"
"CladeA","CladeA","A_denovo633"
"CladeA","CladeA","A_denovo68"
"CladeA","CladeA","A_denovo683"
"CladeA","CladeA","A_denovo762"
"CladeA","CladeA","A_denovo768"
"CladeA","CladeA","A_denovo839"
"CladeA","CladeA","A_denovo92"
"CladeA","CladeA","A_I:45"
"CladeA","CladeA","A_I:48"
"CladeA","CladeA","A_I:50"
"CladeA","CladeA","A_I:51"
"CladeA","CladeA","A_I:55"
"CladeA","CladeA","A121"
"CladeA","CladeA","A133"
"CladeA","CladeA","A134"
"CladeA","CladeA","A16"
"CladeA","CladeA","A7"
"CladeA","CladeA","A8"
"CladeC","CladeC","C_denovo1"
"CladeC","CladeC","C_denovo10"
"CladeC","CladeC","C_denovo100"
"CladeC","CladeC","C_denovo101"
"CladeC","CladeC","C_denovo102"
"CladeC","CladeC","C_denovo103"
"CladeC","CladeC","C_denovo104"
"CladeC","CladeC","C_denovo105"
"CladeC","CladeC","C_denovo106"
"CladeC","CladeC","C_denovo107"
"CladeC","CladeC","C_denovo108"
"CladeC","CladeC","C_denovo109"
"CladeC","CladeC","C_denovo11"
"CladeC","CladeC","C_denovo110"
"CladeC","CladeC","C_denovo111"
"CladeC","CladeC","C_denovo112"
"CladeC","CladeC","C_denovo113"
"CladeC","CladeC","C_denovo115"
"CladeC","CladeC","C_denovo116"
"CladeC","CladeC","C_denovo117"
"CladeC","CladeC","C_denovo118"
"CladeC","CladeC","C_denovo119"
"CladeC","CladeC","C_denovo12"
"CladeC","CladeC","C_denovo120"
"CladeC","CladeC","C_denovo121"
"CladeC","CladeC","C_denovo122"
"CladeC","CladeC","C_denovo123"
"CladeC","CladeC","C_denovo124"
"CladeC","CladeC","C_denovo125"
"CladeC","CladeC","C_denovo126"
"CladeC","CladeC","C_denovo127"
"CladeC","CladeC","C_denovo128"
"CladeC","CladeC","C_denovo129"
"CladeC","CladeC","C_denovo130"
"CladeC","CladeC","C_denovo131"
"CladeC","CladeC","C_denovo132"
"CladeC","CladeC","C_denovo133"
"CladeC","CladeC","C_denovo134"
"CladeC","CladeC","C_denovo135"
"CladeC","CladeC","C_denovo136"
"CladeC","CladeC","C_denovo137"
"CladeC","CladeC","C_denovo138"
"CladeC","CladeC","C_denovo14"
"CladeC","CladeC","C_denovo140"
"CladeC","CladeC","C_denovo141"
"CladeC","CladeC","C_denovo143"
"CladeC","CladeC","C_denovo144"
"CladeC","CladeC","C_denovo145"
"CladeC","CladeC","C_denovo146"
"CladeC","CladeC","C_denovo147"
"CladeC","CladeC","C_denovo148"
"CladeC","CladeC","C_denovo149"
"CladeC","CladeC","C_denovo15"
"CladeC","CladeC","C_denovo150"
"CladeC","CladeC","C_denovo151"
"CladeC","CladeC","C_denovo152"
"CladeC","CladeC","C_denovo153"
"CladeC","CladeC","C_denovo154"
"CladeC","CladeC","C_denovo155"
"CladeC","CladeC","C_denovo156"
"CladeC","CladeC","C_denovo157"
"CladeC","CladeC","C_denovo158"
"CladeC","CladeC","C_denovo159"
"CladeC","CladeC","C_denovo16"
"CladeC","CladeC","C_denovo160"
"CladeC","CladeC","C_denovo161"
"CladeC","CladeC","C_denovo162"
"CladeC","CladeC","C_denovo163"
"CladeC","CladeC","C_denovo164"
"CladeC","CladeC","C_denovo165"
"CladeC","CladeC","C_denovo166"
"CladeC","CladeC","C_denovo167"
"CladeC","CladeC","C_denovo169"
"CladeC","CladeC","C_denovo17"
"CladeC","CladeC","C_denovo170"
"CladeC","CladeC","C_denovo171"
"CladeC","CladeC","C_denovo172"
"CladeC","CladeC","C_denovo173"
"CladeC","CladeC","C_denovo174"
"CladeC","CladeC","C_denovo175"
"CladeC","CladeC","C_denovo176"
"CladeC","CladeC","C_denovo177"
"CladeC","CladeC","C_denovo178"
"CladeC","CladeC","C_denovo179"
"CladeC","CladeC","C_denovo18"
"CladeC","CladeC","C_denovo180"
"CladeC","CladeC","C_denovo181"
"CladeC","CladeC","C_denovo182"
"CladeC","CladeC","C_denovo183"
"CladeC","CladeC","C_denovo184"
"CladeC","CladeC","C_denovo185"
"CladeC","CladeC","C_denovo186"
"CladeC","CladeC","C_denovo187"
"CladeC","CladeC","C_denovo188"
"CladeC","CladeC","C_denovo189"
"CladeC","CladeC","C_denovo19"
"CladeC","CladeC","C_denovo190"
"CladeC","CladeC","C_denovo191"
"CladeC","CladeC","C_denovo192"
"CladeC","CladeC","C_denovo193"
"CladeC","CladeC","C_denovo194"
"CladeC","CladeC","C_denovo195"
"CladeC","CladeC","C_denovo196"
"CladeC","CladeC","C_denovo197"
"CladeC","CladeC","C_denovo198"
"CladeC","CladeC","C_denovo199"
"CladeC","CladeC","C_denovo2"
"CladeC","CladeC","C_denovo20"
"CladeC","CladeC","C_denovo200"
"CladeC","CladeC","C_denovo201"
"CladeC","CladeC","C_denovo202"
"CladeC","CladeC","C_denovo203"
"CladeC","CladeC","C_denovo204"
"CladeC","CladeC","C_denovo205"
"CladeC","CladeC","C_denovo206"
"CladeC","CladeC","C_denovo207"
"CladeC","CladeC","C_denovo208"
"CladeC","CladeC","C_denovo209"
"CladeC","CladeC","C_denovo21"
"CladeC","CladeC","C_denovo210"
"CladeC","CladeC","C_denovo211"
"CladeC","CladeC","C_denovo212"
"CladeC","CladeC","C_denovo213"
"CladeC","CladeC","C_denovo214"
"CladeC","CladeC","C_denovo215"
"CladeC","CladeC","C_denovo216"
"CladeC","CladeC","C_denovo217"
"CladeC","CladeC","C_denovo218"
"CladeC","CladeC","C_denovo219"
"CladeC","CladeC","C_denovo22"
"CladeC","CladeC","C_denovo220"
"CladeC","CladeC","C_denovo221"
"CladeC","CladeC","C_denovo222"
"CladeC","CladeC","C_denovo223"
"CladeC","CladeC","C_denovo224"
"CladeC","CladeC","C_denovo225"
"CladeC","CladeC","C_denovo226"
"CladeC","CladeC","C_denovo228"
"CladeC","CladeC","C_denovo229"
"CladeC","CladeC","C_denovo23"
"CladeC","CladeC","C_denovo230"
"CladeC","CladeC","C_denovo231"
"CladeC","CladeC","C_denovo232"
"CladeC","CladeC","C_denovo233"
"CladeC","CladeC","C_denovo234"
"CladeC","CladeC","C_denovo235"
"CladeC","CladeC","C_denovo236"
"CladeC","CladeC","C_denovo237"
"CladeC","CladeC","C_denovo238"
"CladeC","CladeC","C_denovo239"
"CladeC","CladeC","C_denovo24"
"CladeC","CladeC","C_denovo240"
"CladeC","CladeC","C_denovo241"
"CladeC","CladeC","C_denovo242"
"CladeC","CladeC","C_denovo243"
"CladeC","CladeC","C_denovo244"
"CladeC","CladeC","C_denovo245"
"CladeC","CladeC","C_denovo246"
"CladeC","CladeC","C_denovo247"
"CladeC","CladeC","C_denovo248"
"CladeC","CladeC","C_denovo249"
"CladeC","CladeC","C_denovo250"
"CladeC","CladeC","C_denovo251"
"CladeC","CladeC","C_denovo252"
"CladeC","CladeC","C_denovo253"
"CladeC","CladeC","C_denovo254"
"CladeC","CladeC","C_denovo255"
"CladeC","CladeC","C_denovo256"
"CladeC","CladeC","C_denovo257"
"CladeC","CladeC","C_denovo258"
"CladeC","CladeC","C_denovo259"
"CladeC","CladeC","C_denovo26"
"CladeC","CladeC","C_denovo260"
"CladeC","CladeC","C_denovo261"
"CladeC","CladeC","C_denovo262"
"CladeC","CladeC","C_denovo263"
"CladeC","CladeC","C_denovo264"
"CladeC","CladeC","C_denovo265"
"CladeC","CladeC","C_denovo266"
"CladeC","CladeC","C_denovo267"
"CladeC","CladeC","C_denovo268"
"CladeC","CladeC","C_denovo269"
"CladeC","CladeC","C_denovo27"
"CladeC","CladeC","C_denovo270"
"CladeC","CladeC","C_denovo272"
"CladeC","CladeC","C_denovo274"
"CladeC","CladeC","C_denovo275"
"CladeC","CladeC","C_denovo276"
"CladeC","CladeC","C_denovo277"
"CladeC","CladeC","C_denovo278"
"CladeC","CladeC","C_denovo279"
"CladeC","CladeC","C_denovo28"
"CladeC","CladeC","C_denovo280"
"CladeC","CladeC","C_denovo282"
"CladeC","CladeC","C_denovo283"
"CladeC","CladeC","C_denovo284"
"CladeC","CladeC","C_denovo285"
"CladeC","CladeC","C_denovo286"
"CladeC","CladeC","C_denovo287"
"CladeC","CladeC","C_denovo288"
"CladeC","CladeC","C_denovo289"
"CladeC","CladeC","C_denovo29"
"CladeC","CladeC","C_denovo290"
"CladeC","CladeC","C_denovo291"
"CladeC","CladeC","C_denovo292"
"CladeC","CladeC","C_denovo293"
"CladeC","CladeC","C_denovo295"
"CladeC","CladeC","C_denovo296"
"CladeC","CladeC","C_denovo297"
"CladeC","CladeC","C_denovo298"
"CladeC","CladeC","C_denovo299"
"CladeC","CladeC","C_denovo3"
"CladeC","CladeC","C_denovo30"
"CladeC","CladeC","C_denovo300"
"CladeC","CladeC","C_denovo302"
"CladeC","CladeC","C_denovo303"
"CladeC","CladeC","C_denovo304"
"CladeC","CladeC","C_denovo305"
"CladeC","CladeC","C_denovo306"
"CladeC","CladeC","C_denovo307"
"CladeC","CladeC","C_denovo308"
"CladeC","CladeC","C_denovo309"
"CladeC","CladeC","C_denovo31"
"CladeC","CladeC","C_denovo310"
"CladeC","CladeC","C_denovo311"
"CladeC","CladeC","C_denovo312"
"CladeC","CladeC","C_denovo313"
"CladeC","CladeC","C_denovo314"
"CladeC","CladeC","C_denovo316"
"CladeC","CladeC","C_denovo317"
"CladeC","CladeC","C_denovo318"
"CladeC","CladeC","C_denovo319"
"CladeC","CladeC","C_denovo32"
"CladeC","CladeC","C_denovo320"
"CladeC","CladeC","C_denovo321"
"CladeC","CladeC","C_denovo322"
"CladeC","CladeC","C_denovo323"
"CladeC","CladeC","C_denovo324"
"CladeC","CladeC","C_denovo325"
"CladeC","CladeC","C_denovo326"
"CladeC","CladeC","C_denovo327"
"CladeC","CladeC","C_denovo328"
"CladeC","CladeC","C_denovo329"
"CladeC","CladeC","C_denovo33"
"CladeC","CladeC","C_denovo330"
"CladeC","CladeC","C_denovo331"
"CladeC","CladeC","C_denovo332"
"CladeC","CladeC","C_denovo333"
"CladeC","CladeC","C_denovo334"
"CladeC","CladeC","C_denovo336"
"CladeC","CladeC","C_denovo337"
"CladeC","CladeC","C_denovo338"
"CladeC","CladeC","C_denovo339"
"CladeC","CladeC","C_denovo34"
"CladeC","CladeC","C_denovo340"
"CladeC","CladeC","C_denovo341"
"CladeC","CladeC","C_denovo342"
"CladeC","CladeC","C_denovo343"
"CladeC","CladeC","C_denovo344"
"CladeC","CladeC","C_denovo345"
"CladeC","CladeC","C_denovo347"
"CladeC","CladeC","C_denovo348"
"CladeC","CladeC","C_denovo349"
"CladeC","CladeC","C_denovo35"
"CladeC","CladeC","C_denovo350"
"CladeC","CladeC","C_denovo351"
"CladeC","CladeC","C_denovo352"
"CladeC","CladeC","C_denovo353"
"CladeC","CladeC","C_denovo354"
"CladeC","CladeC","C_denovo355"
"CladeC","CladeC","C_denovo356"
"CladeC","CladeC","C_denovo357"
"CladeC","CladeC","C_denovo358"
"CladeC","CladeC","C_denovo359"
"CladeC","CladeC","C_denovo36"
"CladeC","CladeC","C_denovo360"
"CladeC","CladeC","C_denovo361"
"CladeC","CladeC","C_denovo362"
"CladeC","CladeC","C_denovo363"
"CladeC","CladeC","C_denovo364"
"CladeC","CladeC","C_denovo365"
"CladeC","CladeC","C_denovo366"
"CladeC","CladeC","C_denovo367"
"CladeC","CladeC","C_denovo368"
"CladeC","CladeC","C_denovo37"
"CladeC","CladeC","C_denovo370"
"CladeC","CladeC","C_denovo371"
"CladeC","CladeC","C_denovo372"
"CladeC","CladeC","C_denovo373"
"CladeC","CladeC","C_denovo374"
"CladeC","CladeC","C_denovo375"
"CladeC","CladeC","C_denovo376"
"CladeC","CladeC","C_denovo377"
"CladeC","CladeC","C_denovo378"
"CladeC","CladeC","C_denovo379"
"CladeC","CladeC","C_denovo38"
"CladeC","CladeC","C_denovo380"
"CladeC","CladeC","C_denovo381"
"CladeC","CladeC","C_denovo382"
"CladeC","CladeC","C_denovo383"
"CladeC","CladeC","C_denovo384"
"CladeC","CladeC","C_denovo385"
"CladeC","CladeC","C_denovo386"
"CladeC","CladeC","C_denovo387"
"CladeC","CladeC","C_denovo388"
"CladeC","CladeC","C_denovo389"
"CladeC","CladeC","C_denovo39"
"CladeC","CladeC","C_denovo390"
"CladeC","CladeC","C_denovo391"
"CladeC","CladeC","C_denovo392"
"CladeC","CladeC","C_denovo393"
"CladeC","CladeC","C_denovo394"
"CladeC","CladeC","C_denovo395"
"CladeC","CladeC","C_denovo396"
"CladeC","CladeC","C_denovo397"
"CladeC","CladeC","C_denovo398"
"CladeC","CladeC","C_denovo399"
"CladeC","CladeC","C_denovo4"
"CladeC","CladeC","C_denovo40"
"CladeC","CladeC","C_denovo400"
"CladeC","CladeC","C_denovo401"
"CladeC","CladeC","C_denovo402"
"CladeC","CladeC","C_denovo403"
"CladeC","CladeC","C_denovo404"
"CladeC","CladeC","C_denovo405"
"CladeC","CladeC","C_denovo406"
"CladeC","CladeC","C_denovo407"
"CladeC","CladeC","C_denovo408"
"CladeC","CladeC","C_denovo409"
"CladeC","CladeC","C_denovo41"
"CladeC","CladeC","C_denovo410"
"CladeC","CladeC","C_denovo411"
"CladeC","CladeC","C_denovo412"
"CladeC","CladeC","C_denovo413"
"CladeC","CladeC","C_denovo414"
"CladeC","CladeC","C_denovo415"
"CladeC","CladeC","C_denovo416"
"CladeC","CladeC","C_denovo417"
"CladeC","CladeC","C_denovo418"
"CladeC","CladeC","C_denovo419"
"CladeC","CladeC","C_denovo42"
"CladeC","CladeC","C_denovo420"
"CladeC","CladeC","C_denovo421"
"CladeC","CladeC","C_denovo422"
"CladeC","CladeC","C_denovo423"
"CladeC","CladeC","C_denovo424"
"CladeC","CladeC","C_denovo425"
"CladeC","CladeC","C_denovo426"
"CladeC","CladeC","C_denovo427"
"CladeC","CladeC","C_denovo428"
"CladeC","CladeC","C_denovo429"
"CladeC","CladeC","C_denovo43"
"CladeC","CladeC","C_denovo430"
"CladeC","CladeC","C_denovo431"
"CladeC","CladeC","C_denovo433"
"CladeC","CladeC","C_denovo434"
"CladeC","CladeC","C_denovo435"
"CladeC","CladeC","C_denovo436"
"CladeC","CladeC","C_denovo437"
"CladeC","CladeC","C_denovo438"
"CladeC","CladeC","C_denovo439"
"CladeC","CladeC","C_denovo44"
"CladeC","CladeC","C_denovo440"
"CladeC","CladeC","C_denovo442"
"CladeC","CladeC","C_denovo443"
"CladeC","CladeC","C_denovo444"
"CladeC","CladeC","C_denovo445"
"CladeC","CladeC","C_denovo446"
"CladeC","CladeC","C_denovo447"
"CladeC","CladeC","C_denovo448"
"CladeC","CladeC","C_denovo45"
"CladeC","CladeC","C_denovo450"
"CladeC","CladeC","C_denovo451"
"CladeC","CladeC","C_denovo452"
"CladeC","CladeC","C_denovo453"
"CladeC","CladeC","C_denovo454"
"CladeC","CladeC","C_denovo455"
"CladeC","CladeC","C_denovo456"
"CladeC","CladeC","C_denovo457"
"CladeC","CladeC","C_denovo458"
"CladeC","CladeC","C_denovo459"
"CladeC","CladeC","C_denovo46"
"CladeC","CladeC","C_denovo460"
"CladeC","CladeC","C_denovo461"
"CladeC","CladeC","C_denovo462"
"CladeC","CladeC","C_denovo463"
"CladeC","CladeC","C_denovo464"
"CladeC","CladeC","C_denovo465"
"CladeC","CladeC","C_denovo466"
"CladeC","CladeC","C_denovo467"
"CladeC","CladeC","C_denovo468"
"CladeC","CladeC","C_denovo469"
"CladeC","CladeC","C_denovo47"
"CladeC","CladeC","C_denovo470"
"CladeC","CladeC","C_denovo471"
"CladeC","CladeC","C_denovo472"
"CladeC","CladeC","C_denovo473"
"CladeC","CladeC","C_denovo474"
"CladeC","CladeC","C_denovo475"
"CladeC","CladeC","C_denovo476"
"CladeC","CladeC","C_denovo477"
"CladeC","CladeC","C_denovo478"
"CladeC","CladeC","C_denovo479"
"CladeC","CladeC","C_denovo48"
"CladeC","CladeC","C_denovo480"
"CladeC","CladeC","C_denovo481"
"CladeC","CladeC","C_denovo482"
"CladeC","CladeC","C_denovo483"
"CladeC","CladeC","C_denovo484"
"CladeC","CladeC","C_denovo485"
"CladeC","CladeC","C_denovo486"
"CladeC","CladeC","C_denovo487"
"CladeC","CladeC","C_denovo488"
"CladeC","CladeC","C_denovo489"
"CladeC","CladeC","C_denovo49"
"CladeC","CladeC","C_denovo490"
"CladeC","CladeC","C_denovo491"
"CladeC","CladeC","C_denovo492"
"CladeC","CladeC","C_denovo493"
"CladeC","CladeC","C_denovo494"
"CladeC","CladeC","C_denovo495"
"CladeC","CladeC","C_denovo496"
"CladeC","CladeC","C_denovo497"
"CladeC","CladeC","C_denovo498"
"CladeC","CladeC","C_denovo499"
"CladeC","CladeC","C_denovo5"
"CladeC","CladeC","C_denovo50"
"CladeC","CladeC","C_denovo500"
"CladeC","CladeC","C_denovo501"
"CladeC","CladeC","C_denovo502"
"CladeC","CladeC","C_denovo503"
"CladeC","CladeC","C_denovo504"
"CladeC","CladeC","C_denovo505"
"CladeC","CladeC","C_denovo506"
"CladeC","CladeC","C_denovo507"
"CladeC","CladeC","C_denovo508"
"CladeC","CladeC","C_denovo509"
"CladeC","CladeC","C_denovo51"
"CladeC","CladeC","C_denovo510"
"CladeC","CladeC","C_denovo511"
"CladeC","CladeC","C_denovo512"
"CladeC","CladeC","C_denovo513"
"CladeC","CladeC","C_denovo514"
"CladeC","CladeC","C_denovo515"
"CladeC","CladeC","C_denovo516"
"CladeC","CladeC","C_denovo517"
"CladeC","CladeC","C_denovo518"
"CladeC","CladeC","C_denovo519"
"CladeC","CladeC","C_denovo52"
"CladeC","CladeC","C_denovo520"
"CladeC","CladeC","C_denovo521"
"CladeC","CladeC","C_denovo522"
"CladeC","CladeC","C_denovo523"
"CladeC","CladeC","C_denovo524"
"CladeC","CladeC","C_denovo525"
"CladeC","CladeC","C_denovo526"
"CladeC","CladeC","C_denovo527"
"CladeC","CladeC","C_denovo528"
"CladeC","CladeC","C_denovo529"
"CladeC","CladeC","C_denovo53"
"CladeC","CladeC","C_denovo530"
"CladeC","CladeC","C_denovo531"
"CladeC","CladeC","C_denovo532"
"CladeC","CladeC","C_denovo533"
"CladeC","CladeC","C_denovo534"
"CladeC","CladeC","C_denovo535"
"CladeC","CladeC","C_denovo536"
"CladeC","CladeC","C_denovo537"
"CladeC","CladeC","C_denovo538"
"CladeC","CladeC","C_denovo539"
"CladeC","CladeC","C_denovo54"
"CladeC","CladeC","C_denovo540"
"CladeC","CladeC","C_denovo541"
"CladeC","CladeC","C_denovo542"
"CladeC","CladeC","C_denovo543"
"CladeC","CladeC","C_denovo544"
"CladeC","CladeC","C_denovo545"
"CladeC","CladeC","C_denovo546"
"CladeC","CladeC","C_denovo547"
"CladeC","CladeC","C_denovo548"
"CladeC","CladeC","C_denovo549"
"CladeC","CladeC","C_denovo55"
"CladeC","CladeC","C_denovo550"
"CladeC","CladeC","C_denovo551"
"CladeC","CladeC","C_denovo552"
"CladeC","CladeC","C_denovo553"
"CladeC","CladeC","C_denovo554"
"CladeC","CladeC","C_denovo555"
"CladeC","CladeC","C_denovo556"
"CladeC","CladeC","C_denovo557"
"CladeC","CladeC","C_denovo558"
"CladeC","CladeC","C_denovo559"
"CladeC","CladeC","C_denovo56"
"CladeC","CladeC","C_denovo560"
"CladeC","CladeC","C_denovo561"
"CladeC","CladeC","C_denovo562"
"CladeC","CladeC","C_denovo563"
"CladeC","CladeC","C_denovo564"
"CladeC","CladeC","C_denovo565"
"CladeC","CladeC","C_denovo566"
"CladeC","CladeC","C_denovo567"
"CladeC","CladeC","C_denovo568"
"CladeC","CladeC","C_denovo57"
"CladeC","CladeC","C_denovo570"
"CladeC","CladeC","C_denovo571"
"CladeC","CladeC","C_denovo572"
"CladeC","CladeC","C_denovo573"
"CladeC","CladeC","C_denovo574"
"CladeC","CladeC","C_denovo575"
"CladeC","CladeC","C_denovo576"
"CladeC","CladeC","C_denovo577"
"CladeC","CladeC","C_denovo578"
"CladeC","CladeC","C_denovo579"
"CladeC","CladeC","C_denovo58"
"CladeC","CladeC","C_denovo581"
"CladeC","CladeC","C_denovo582"
"CladeC","CladeC","C_denovo583"
"CladeC","CladeC","C_denovo584"
"CladeC","CladeC","C_denovo585"
"CladeC","CladeC","C_denovo587"
"CladeC","CladeC","C_denovo588"
"CladeC","CladeC","C_denovo589"
"CladeC","CladeC","C_denovo59"
"CladeC","CladeC","C_denovo590"
"CladeC","CladeC","C_denovo591"
"CladeC","CladeC","C_denovo592"
"CladeC","CladeC","C_denovo593"
"CladeC","CladeC","C_denovo594"
"CladeC","CladeC","C_denovo595"
"CladeC","CladeC","C_denovo596"
"CladeC","CladeC","C_denovo597"
"CladeC","CladeC","C_denovo598"
"CladeC","CladeC","C_denovo599"
"CladeC","CladeC","C_denovo6"
"CladeC","CladeC","C_denovo60"
"CladeC","CladeC","C_denovo600"
"CladeC","CladeC","C_denovo601"
"CladeC","CladeC","C_denovo602"
"CladeC","CladeC","C_denovo603"
"CladeC","CladeC","C_denovo604"
"CladeC","CladeC","C_denovo605"
"CladeC","CladeC","C_denovo606"
"CladeC","CladeC","C_denovo607"
"CladeC","CladeC","C_denovo608"
"CladeC","CladeC","C_denovo609"
"CladeC","CladeC","C_denovo61"
"CladeC","CladeC","C_denovo610"
"CladeC","CladeC","C_denovo611"
"CladeC","CladeC","C_denovo612"
"CladeC","CladeC","C_denovo613"
"CladeC","CladeC","C_denovo614"
"CladeC","CladeC","C_denovo615"
"CladeC","CladeC","C_denovo616"
"CladeC","CladeC","C_denovo617"
"CladeC","CladeC","C_denovo618"
"CladeC","CladeC","C_denovo619"
"CladeC","CladeC","C_denovo62"
"CladeC","CladeC","C_denovo620"
"CladeC","CladeC","C_denovo621"
"CladeC","CladeC","C_denovo622"
"CladeC","CladeC","C_denovo623"
"CladeC","CladeC","C_denovo624"
"CladeC","CladeC","C_denovo625"
"CladeC","CladeC","C_denovo626"
"CladeC","CladeC","C_denovo627"
"CladeC","CladeC","C_denovo628"
"CladeC","CladeC","C_denovo629"
"CladeC","CladeC","C_denovo63"
"CladeC","CladeC","C_denovo631"
"CladeC","CladeC","C_denovo632"
"CladeC","CladeC","C_denovo634"
"CladeC","CladeC","C_denovo635"
"CladeC","CladeC","C_denovo636"
"CladeC","CladeC","C_denovo637"
"CladeC","CladeC","C_denovo638"
"CladeC","CladeC","C_denovo639"
"CladeC","CladeC","C_denovo64"
"CladeC","CladeC","C_denovo640"
"CladeC","CladeC","C_denovo641"
"CladeC","CladeC","C_denovo642"
"CladeC","CladeC","C_denovo643"
"CladeC","CladeC","C_denovo644"
"CladeC","CladeC","C_denovo645"
"CladeC","CladeC","C_denovo646"
"CladeC","CladeC","C_denovo647"
"CladeC","CladeC","C_denovo648"
"CladeC","CladeC","C_denovo649"
"CladeC","CladeC","C_denovo65"
"CladeC","CladeC","C_denovo650"
"CladeC","CladeC","C_denovo651"
"CladeC","CladeC","C_denovo652"
"CladeC","CladeC","C_denovo653"
"CladeC","CladeC","C_denovo654"
"CladeC","CladeC","C_denovo656"
"CladeC","CladeC","C_denovo657"
"CladeC","CladeC","C_denovo658"
"CladeC","CladeC","C_denovo659"
"CladeC","CladeC","C_denovo66"
"CladeC","CladeC","C_denovo660"
"CladeC","CladeC","C_denovo661"
"CladeC","CladeC","C_denovo662"
"CladeC","CladeC","C_denovo663"
"CladeC","CladeC","C_denovo664"
"CladeC","CladeC","C_denovo665"
"CladeC","CladeC","C_denovo666"
"CladeC","CladeC","C_denovo667"
"CladeC","CladeC","C_denovo668"
"CladeC","CladeC","C_denovo669"
"CladeC","CladeC","C_denovo67"
"CladeC","CladeC","C_denovo670"
"CladeC","CladeC","C_denovo671"
"CladeC","CladeC","C_denovo672"
"CladeC","CladeC","C_denovo673"
"CladeC","CladeC","C_denovo674"
"CladeC","CladeC","C_denovo675"
"CladeC","CladeC","C_denovo676"
"CladeC","CladeC","C_denovo677"
"CladeC","CladeC","C_denovo678"
"CladeC","CladeC","C_denovo679"
"CladeC","CladeC","C_denovo680"
"CladeC","CladeC","C_denovo681"
"CladeC","CladeC","C_denovo682"
"CladeC","CladeC","C_denovo684"
"CladeC","CladeC","C_denovo685"
"CladeC","CladeC","C_denovo686"
"CladeC","CladeC","C_denovo687"
"CladeC","CladeC","C_denovo688"
"CladeC","CladeC","C_denovo689"
"CladeC","CladeC","C_denovo69"
"CladeC","CladeC","C_denovo690"
"CladeC","CladeC","C_denovo691"
"CladeC","CladeC","C_denovo692"
"CladeC","CladeC","C_denovo693"
"CladeC","CladeC","C_denovo694"
"CladeC","CladeC","C_denovo695"
"CladeC","CladeC","C_denovo696"
"CladeC","CladeC","C_denovo697"
"CladeC","CladeC","C_denovo698"
"CladeC","CladeC","C_denovo699"
"CladeC","CladeC","C_denovo7"
"CladeC","CladeC","C_denovo70"
"CladeC","CladeC","C_denovo700"
"CladeC","CladeC","C_denovo701"
"CladeC","CladeC","C_denovo702"
"CladeC","CladeC","C_denovo703"
"CladeC","CladeC","C_denovo704"
"CladeC","CladeC","C_denovo705"
"CladeC","CladeC","C_denovo706"
"CladeC","CladeC","C_denovo707"
"CladeC","CladeC","C_denovo708"
"CladeC","CladeC","C_denovo709"
"CladeC","CladeC","C_denovo71"
"CladeC","CladeC","C_denovo710"
"CladeC","CladeC","C_denovo711"
"CladeC","CladeC","C_denovo712"
"CladeC","CladeC","C_denovo713"
"CladeC","CladeC","C_denovo714"
"CladeC","CladeC","C_denovo715"
"CladeC","CladeC","C_denovo716"
"CladeC","CladeC","C_denovo717"
"CladeC","CladeC","C_denovo718"
"CladeC","CladeC","C_denovo719"
"CladeC","CladeC","C_denovo72"
"CladeC","CladeC","C_denovo720"
"CladeC","CladeC","C_denovo721"
"CladeC","CladeC","C_denovo722"
"CladeC","CladeC","C_denovo723"
"CladeC","CladeC","C_denovo724"
"CladeC","CladeC","C_denovo725"
"CladeC","CladeC","C_denovo726"
"CladeC","CladeC","C_denovo727"
"CladeC","CladeC","C_denovo728"
"CladeC","CladeC","C_denovo729"
"CladeC","CladeC","C_denovo73"
"CladeC","CladeC","C_denovo730"
"CladeC","CladeC","C_denovo731"
"CladeC","CladeC","C_denovo732"
"CladeC","CladeC","C_denovo733"
"CladeC","CladeC","C_denovo734"
"CladeC","CladeC","C_denovo735"
"CladeC","CladeC","C_denovo736"
"CladeC","CladeC","C_denovo737"
"CladeC","CladeC","C_denovo738"
"CladeC","CladeC","C_denovo739"
"CladeC","CladeC","C_denovo74"
"CladeC","CladeC","C_denovo740"
"CladeC","CladeC","C_denovo742"
"CladeC","CladeC","C_denovo743"
"CladeC","CladeC","C_denovo744"
"CladeC","CladeC","C_denovo745"
"CladeC","CladeC","C_denovo746"
"CladeC","CladeC","C_denovo747"
"CladeC","CladeC","C_denovo748"
"CladeC","CladeC","C_denovo749"
"CladeC","CladeC","C_denovo75"
"CladeC","CladeC","C_denovo750"
"CladeC","CladeC","C_denovo751"
"CladeC","CladeC","C_denovo752"
"CladeC","CladeC","C_denovo753"
"CladeC","CladeC","C_denovo754"
"CladeC","CladeC","C_denovo755"
"CladeC","CladeC","C_denovo756"
"CladeC","CladeC","C_denovo757"
"CladeC","CladeC","C_denovo758"
"CladeC","CladeC","C_denovo759"
"CladeC","CladeC","C_denovo76"
"CladeC","CladeC","C_denovo760"
"CladeC","CladeC","C_denovo761"
"CladeC","CladeC","C_denovo763"
"CladeC","CladeC","C_denovo765"
"CladeC","CladeC","C_denovo766"
"CladeC","CladeC","C_denovo767"
"CladeC","CladeC","C_denovo769"
"CladeC","CladeC","C_denovo77"
"CladeC","CladeC","C_denovo770"
"CladeC","CladeC","C_denovo771"
"CladeC","CladeC","C_denovo772"
"CladeC","CladeC","C_denovo773"
"CladeC","CladeC","C_denovo774"
"CladeC","CladeC","C_denovo775"
"CladeC","CladeC","C_denovo776"
"CladeC","CladeC","C_denovo777"
"CladeC","CladeC","C_denovo778"
"CladeC","CladeC","C_denovo779"
"CladeC","CladeC","C_denovo78"
"CladeC","CladeC","C_denovo780"
"CladeC","CladeC","C_denovo781"
"CladeC","CladeC","C_denovo782"
"CladeC","CladeC","C_denovo783"
"CladeC","CladeC","C_denovo784"
"CladeC","CladeC","C_denovo785"
"CladeC","CladeC","C_denovo786"
"CladeC","CladeC","C_denovo787"
"CladeC","CladeC","C_denovo789"
"CladeC","CladeC","C_denovo79"
"CladeC","CladeC","C_denovo790"
"CladeC","CladeC","C_denovo791"
"CladeC","CladeC","C_denovo792"
"CladeC","CladeC","C_denovo793"
"CladeC","CladeC","C_denovo794"
"CladeC","CladeC","C_denovo795"
"CladeC","CladeC","C_denovo796"
"CladeC","CladeC","C_denovo797"
"CladeC","CladeC","C_denovo799"
"CladeC","CladeC","C_denovo8"
"CladeC","CladeC","C_denovo80"
"CladeC","CladeC","C_denovo800"
"CladeC","CladeC","C_denovo801"
"CladeC","CladeC","C_denovo802"
"CladeC","CladeC","C_denovo803"
"CladeC","CladeC","C_denovo804"
"CladeC","CladeC","C_denovo805"
"CladeC","CladeC","C_denovo806"
"CladeC","CladeC","C_denovo807"
"CladeC","CladeC","C_denovo808"
"CladeC","CladeC","C_denovo809"
"CladeC","CladeC","C_denovo81"
"CladeC","CladeC","C_denovo810"
"CladeC","CladeC","C_denovo811"
"CladeC","CladeC","C_denovo812"
"CladeC","CladeC","C_denovo813"
"CladeC","CladeC","C_denovo814"
"CladeC","CladeC","C_denovo815"
"CladeC","CladeC","C_denovo816"
"CladeC","CladeC","C_denovo817"
"CladeC","CladeC","C_denovo818"
"CladeC","CladeC","C_denovo82"
"CladeC","CladeC","C_denovo820"
"CladeC","CladeC","C_denovo821"
"CladeC","CladeC","C_denovo822"
"CladeC","CladeC","C_denovo823"
"CladeC","CladeC","C_denovo824"
"CladeC","CladeC","C_denovo825"
"CladeC","CladeC","C_denovo826"
"CladeC","CladeC","C_denovo827"
"CladeC","CladeC","C_denovo828"
"CladeC","CladeC","C_denovo829"
"CladeC","CladeC","C_denovo83"
"CladeC","CladeC","C_denovo830"
"CladeC","CladeC","C_denovo831"
"CladeC","CladeC","C_denovo832"
"CladeC","CladeC","C_denovo833"
"CladeC","CladeC","C_denovo834"
"CladeC","CladeC","C_denovo835"
"CladeC","CladeC","C_denovo836"
"CladeC","CladeC","C_denovo837"
"CladeC","CladeC","C_denovo838"
"CladeC","CladeC","C_denovo84"
"CladeC","CladeC","C_denovo840"
"CladeC","CladeC","C_denovo841"
"CladeC","CladeC","C_denovo842"
"CladeC","CladeC","C_denovo843"
"CladeC","CladeC","C_denovo844"
"CladeC","CladeC","C_denovo845"
"CladeC","CladeC","C_denovo846"
"CladeC","CladeC","C_denovo847"
"CladeC","CladeC","C_denovo848"
"CladeC","CladeC","C_denovo849"
"CladeC","CladeC","C_denovo85"
"CladeC","CladeC","C_denovo850"
"CladeC","CladeC","C_denovo851"
"CladeC","CladeC","C_denovo852"
"CladeC","CladeC","C_denovo853"
"CladeC","CladeC","C_denovo854"
"CladeC","CladeC","C_denovo855"
"CladeC","CladeC","C_denovo856"
"CladeC","CladeC","C_denovo857"
"CladeC","CladeC","C_denovo859"
"CladeC","CladeC","C_denovo86"
"CladeC","CladeC","C_denovo860"
"CladeC","CladeC","C_denovo861"
"CladeC","CladeC","C_denovo862"
"CladeC","CladeC","C_denovo863"
"CladeC","CladeC","C_denovo864"
"CladeC","CladeC","C_denovo865"
"CladeC","CladeC","C_denovo866"
"CladeC","CladeC","C_denovo867"
"CladeC","CladeC","C_denovo868"
"CladeC","CladeC","C_denovo869"
"CladeC","CladeC","C_denovo87"
"CladeC","CladeC","C_denovo870"
"CladeC","CladeC","C_denovo871"
"CladeC","CladeC","C_denovo872"
"CladeC","CladeC","C_denovo873"
"CladeC","CladeC","C_denovo874"
"CladeC","CladeC","C_denovo875"
"CladeC","CladeC","C_denovo876"
"CladeC","CladeC","C_denovo877"
"CladeC","CladeC","C_denovo878"
"CladeC","CladeC","C_denovo879"
"CladeC","CladeC","C_denovo88"
"CladeC","CladeC","C_denovo880"
"CladeC","CladeC","C_denovo881"
"CladeC","CladeC","C_denovo882"
"CladeC","CladeC","C_denovo883"
"CladeC","CladeC","C_denovo884"
"CladeC","CladeC","C_denovo885"
"CladeC","CladeC","C_denovo886"
"CladeC","CladeC","C_denovo887"
"CladeC","CladeC","C_denovo888"
"CladeC","CladeC","C_denovo889"
"CladeC","CladeC","C_denovo89"
"CladeC","CladeC","C_denovo890"
"CladeC","CladeC","C_denovo891"
"CladeC","CladeC","C_denovo892"
"CladeC","CladeC","C_denovo893"
"CladeC","CladeC","C_denovo894"
"CladeC","CladeC","C_denovo9"
"CladeC","CladeC","C_denovo90"
"CladeC","CladeC","C_denovo91"
"CladeC","CladeC","C_denovo93"
"CladeC","CladeC","C_denovo94"
"CladeC","CladeC","C_denovo95"
"CladeC","CladeC","C_denovo96"
"CladeC","CladeC","C_denovo97"
"CladeC","CladeC","C_denovo98"
"CladeC","CladeC","C_denovo99"
"CladeC","CladeC","C_I:0"
"CladeC","CladeC","C_I:1"
"CladeC","CladeC","C_I:10"
"CladeC","CladeC","C_I:111"
"CladeC","CladeC","C_I:117"
"CladeC","CladeC","C_I:12"
"CladeC","CladeC","C_I:146"
"CladeC","CladeC","C_I:149"
"CladeC","CladeC","C_I:15"
"CladeC","CladeC","C_I:156"
"CladeC","CladeC","C_I:16"
"CladeC","CladeC","C_I:172"
"CladeC","CladeC","C_I:180"
"CladeC","CladeC","C_I:197"
"CladeC","CladeC","C_I:2"
"CladeC","CladeC","C_I:20"
"CladeC","CladeC","C_I:203"
"CladeC","CladeC","C_I:211"
"CladeC","CladeC","C_I:244"
"CladeC","CladeC","C_I:254"
"CladeC","CladeC","C_I:262"
"CladeC","CladeC","C_I:273"
"CladeC","CladeC","C_I:279"
"CladeC","CladeC","C_I:285"
"CladeC","CladeC","C_I:290"
"CladeC","CladeC","C_I:294"
"CladeC","CladeC","C_I:297"
"CladeC","CladeC","C_I:3"
"CladeC","CladeC","C_I:305"
"CladeC","CladeC","C_I:310"
"CladeC","CladeC","C_I:314"
"CladeC","CladeC","C_I:315"
"CladeC","CladeC","C_I:319"
"CladeC","CladeC","C_I:324"
"CladeC","CladeC","C_I:326"
"CladeC","CladeC","C_I:327"
"CladeC","CladeC","C_I:329"
"CladeC","CladeC","C_I:330"
"CladeC","CladeC","C_I:335"
"CladeC","CladeC","C_I:34"
"CladeC","CladeC","C_I:342"
"CladeC","CladeC","C_I:344"
"CladeC","CladeC","C_I:347"
"CladeC","CladeC","C_I:348"
"CladeC","CladeC","C_I:357"
"CladeC","CladeC","C_I:361"
"CladeC","CladeC","C_I:375"
"CladeC","CladeC","C_I:379"
"CladeC","CladeC","C_I:382"
"CladeC","CladeC","C_I:393"
"CladeC","CladeC","C_I:4"
"CladeC","CladeC","C_I:40"
"CladeC","CladeC","C_I:440"
"CladeC","CladeC","C_I:5"
"CladeC","CladeC","C_I:51"
"CladeC","CladeC","C_I:52"
"CladeC","CladeC","C_I:53"
"CladeC","CladeC","C_I:54"
"CladeC","CladeC","C_I:58"
"CladeC","CladeC","C_I:6"
"CladeC","CladeC","C_I:61"
"CladeC","CladeC","C_I:64"
"CladeC","CladeC","C_I:65"
"CladeC","CladeC","C_I:69"
"CladeC","CladeC","C_I:78"
"CladeC","CladeC","C_I:8"
"CladeC","CladeC","C_I:82"
"CladeC","CladeC","C1"
"CladeC","CladeC","C1.11"
"CladeC","CladeC","C1.12"
"CladeC","CladeC","C1.13"
"CladeC","CladeC","C1.14"
"CladeC","CladeC","C1.15"
"CladeC","CladeC","C1.17"
"CladeC","CladeC","C1.18"
"CladeC","CladeC","C1.19"
"CladeC","CladeC","C1.2"
"CladeC","CladeC","C1.6"
"CladeC","CladeC","C1.7"
"CladeC","CladeC","C1002"
"CladeC","CladeC","C1005"
"CladeC","CladeC","C1006"
"CladeC","CladeC","C1007"
"CladeC","CladeC","C1008"
"CladeC","CladeC","C1009"
"CladeC","CladeC","C1010"
"CladeC","CladeC","C1012"
"CladeC","CladeC","C1017"
"CladeC","CladeC","C1026"
"CladeC","CladeC","C1028"
"CladeC","CladeC","C1040"
"CladeC","CladeC","C1043"
"CladeC","CladeC","C1044"
"CladeC","CladeC","C1045"
"CladeC","CladeC","C1048"
"CladeC","CladeC","C1051"
"CladeC","CladeC","C1052"
"CladeC","CladeC","C1054"
"CladeC","CladeC","C1057"
"CladeC","CladeC","C1059"
"CladeC","CladeC","C1060"
"CladeC","CladeC","C1065"
"CladeC","CladeC","C1083"
"CladeC","CladeC","C1085"
"CladeC","CladeC","C1086"
"CladeC","CladeC","C1087"
"CladeC","CladeC","C1088"
"CladeC","CladeC","C1089"
"CladeC","CladeC","C1094"
"CladeC","CladeC","C1098"
"CladeC","CladeC","C1101"
"CladeC","CladeC","C1103"
"CladeC","CladeC","C1104"
"CladeC","CladeC","C1129"
"CladeC","CladeC","C1145"
"CladeC","CladeC","C1148"
"CladeC","CladeC","C1163"
"CladeC","CladeC","C1164"
"CladeC","CladeC","C1173"
"CladeC","CladeC","C1197"
"CladeC","CladeC","C1198"
"CladeC","CladeC","C1201"
"CladeC","CladeC","C1204"
"CladeC","CladeC","C1205"
"CladeC","CladeC","C1206"
"CladeC","CladeC","C1207"
"CladeC","CladeC","C1208"
"CladeC","CladeC","C1209"
"CladeC","CladeC","C1210"
"CladeC","CladeC","C1211"
"CladeC","CladeC","C1212"
"CladeC","CladeC","C1213"
"CladeC","CladeC","C1214"
"CladeC","CladeC","C1218"
"CladeC","CladeC","C1219"
"CladeC","CladeC","C1220"
"CladeC","CladeC","C1222"
"CladeC","CladeC","C1223"
"CladeC","CladeC","C1224"
"CladeC","CladeC","C1225"
"CladeC","CladeC","C1226"
"CladeC","CladeC","C1227"
"CladeC","CladeC","C1228"
"CladeC","CladeC","C1231"
"CladeC","CladeC","C1232"
"CladeC","CladeC","C1233"
"CladeC","CladeC","C1234"
"CladeC","CladeC","C1235"
"CladeC","CladeC","C131"
"CladeC","CladeC","C14"
"CladeC","CladeC","C15"
"CladeC","CladeC","C15.1"
"CladeC","CladeC","C15.12"
"CladeC","CladeC","C15.13"
"CladeC","CladeC","C15.15"
"CladeC","CladeC","C15.16"
"CladeC","CladeC","C15.17"
"CladeC","CladeC","C15.18"
"CladeC","CladeC","C15.19"
"CladeC","CladeC","C15.2"
"CladeC","CladeC","C15.20"
"CladeC","CladeC","C15.22"
"CladeC","CladeC","C15.26"
"CladeC","CladeC","C15.3"
"CladeC","CladeC","C15.4"
"CladeC","CladeC","C15.5"
"CladeC","CladeC","C15.6"
"CladeC","CladeC","C15.7"
"CladeC","CladeC","C15.8"
"CladeC","CladeC","C15a"
"CladeC","CladeC","C15b"
"CladeC","CladeC","C15c"
"CladeC","CladeC","C15e"
"CladeC","CladeC","C15f"
"CladeC","CladeC","C16"
"CladeC","CladeC","C17"
"CladeC","CladeC","C17.2"
"CladeC","CladeC","C1a"
"CladeC","CladeC","C1b.2"
"CladeC","CladeC","C1b.3"
"CladeC","CladeC","C1b_C1e"
"CladeC","CladeC","Cstar"
"CladeC","CladeC","C1d"
"CladeC","CladeC","C1h"
"CladeC","CladeC","C1i"
"CladeC","CladeC","C1j"
"CladeC","CladeC","C2"
"CladeC","CladeC","C21.1"
"CladeC","CladeC","C21.10"
"CladeC","CladeC","C21.11"
"CladeC","CladeC","C21.14"
"CladeC","CladeC","C21.16"
"CladeC","CladeC","C21.2"
"CladeC","CladeC","C21.4"
"CladeC","CladeC","C21.5"
"CladeC","CladeC","C21.6"
"CladeC","CladeC","C21.7"
"CladeC","CladeC","C21.8"
"CladeC","CladeC","C21.9"
"CladeC","CladeC","C21_3d_3k"
"CladeC","CladeC","C24"
"CladeC","CladeC","C29"
"CladeC","CladeC","C3"
"CladeC","CladeC","C3.1"
"CladeC","CladeC","C3.10"
"CladeC","CladeC","C3.12"
"CladeC","CladeC","C3.14"
"CladeC","CladeC","C3.15"
"CladeC","CladeC","C3.16"
"CladeC","CladeC","C3.17"
"CladeC","CladeC","C3.18"
"CladeC","CladeC","C3.2"
"CladeC","CladeC","C3.20"
"CladeC","CladeC","C3.22"
"CladeC","CladeC","C3.5"
"CladeC","CladeC","C3.8"
"CladeC","CladeC","C30"
"CladeC","CladeC","C31"
"CladeC","CladeC","C31.1"
"CladeC","CladeC","C31.10"
"CladeC","CladeC","C31.2"
"CladeC","CladeC","C31.3"
"CladeC","CladeC","C31.4"
"CladeC","CladeC","C31.5"
"CladeC","CladeC","C31.6"
"CladeC","CladeC","C31a"
"CladeC","CladeC","C32.1"
"CladeC","CladeC","C32.2"
"CladeC","CladeC","C35.2"
"CladeC","CladeC","C35a"
"CladeC","CladeC","C36"
"CladeC","CladeC","C38a"
"CladeC","CladeC","C39"
"CladeC","CladeC","C3b"
"CladeC","CladeC","C3f"
"CladeC","CladeC","C3ff"
"CladeC","CladeC","C3j"
"CladeC","CladeC","C4"
"CladeC","CladeC","C40"
"CladeC","CladeC","C41"
"CladeC","CladeC","C42"
"CladeC","CladeC","C42"
"CladeC","CladeC","C42.1"
"CladeC","CladeC","C42.2"
"CladeC","CladeC","C42b"
"CladeC","CladeC","C43"
"CladeC","CladeC","C44"
"CladeC","CladeC","C45.1"
"CladeC","CladeC","C45.2"
"CladeC","CladeC","C45.3"
"CladeC","CladeC","C46a"
"CladeC","CladeC","C55"
"CladeC","CladeC","C58"
"CladeC","CladeC","C60"
"CladeC","CladeC","C68"
"CladeC","CladeC","C7"
"CladeC","CladeC","C91"
"CladeC","CladeC","C91a"
"CladeC","CladeC","C91c"
"CladeC","CladeC","C93"
"CladeC","CladeC","C94"
"CladeD","CladeD","D_denovo114"
"CladeD","CladeD","D_denovo13"
"CladeD","CladeD","D_denovo142"
"CladeD","CladeD","D_denovo168"
"CladeD","CladeD","D_denovo227"
"CladeD","CladeD","D_denovo271"
"CladeD","CladeD","D_denovo294"
"CladeD","CladeD","D_denovo301"
"CladeD","CladeD","D_denovo335"
"CladeD","CladeD","D_denovo346"
"CladeD","CladeD","D_denovo369"
"CladeD","CladeD","D_denovo449"
"CladeD","CladeD","D_denovo655"
"CladeD","CladeD","D_denovo741"
"CladeD","CladeD","D_denovo764"
"CladeD","CladeD","D_denovo788"
"CladeD","CladeD","D_denovo798"
"CladeD","CladeD","D_denovo819"
"CladeD","CladeD","D_denovo858"
"CladeD","CladeD","D_I:0"
"CladeD","CladeD","D_I:1"
"CladeD","CladeD","D_I:11"
"CladeD","CladeD","D_I:12"
"CladeD","CladeD","D_I:6"
"CladeD","CladeD","D_I:8"
"CladeD","CladeD","D1"
"CladeD","CladeD","D1.11"
"CladeD","CladeD","D1.12"
"CladeD","CladeD","D1.5"
"CladeD","CladeD","D1.6"
"CladeD","CladeD","D112"
"CladeD","CladeD","D120"
"CladeD","CladeD","D123"
"CladeD","CladeD","D1a"
"CladeD","CladeD","D2"
"CladeF","CladeF","F_denovo0"
"CladeF","CladeF","F_denovo273"
"CladeF","CladeF","F_denovo580"
"CladeF","CladeF","F_denovo586"
"CladeF","CladeF","F_I:30"
"CladeF","CladeF","F3.2"
"CladeF","CladeF","F4.2"
"CladeG","CladeG","G_denovo315"
"CladeG","CladeG","G_denovo630"
"CladeG","CladeG","G_I:5"
"CladeG","CladeG","G3.1"
